il_old,il_new
LG Touchscreen Laptop,LG Laptop
Acer Aspire,Acer Laptop
HP Laptop,HP Laptop
ASUS Chromebook,Asus Laptop
Apple Macbook Pro,Apple Laptop
Apple MacBook Air,Apple Laptop
Dell Laptop,Dell Laptop
Eluktronics Pro Gaming Laptop,Eluktronics Laptop
"Alienware AW17R4-7345SLV-PUS 17"" Laptop",Alienware Laptop
HP Notebook Touchscreen Laptop PC,HP Laptop
Lenovo Desktop Computer,Lenovo Desktop
iMac,iMac
HP Desktop,HP Desktop
ASUS Desktop,ASUS Desktop
Dell Desktop,Dell Desktop
 Intel Desktop,Intel Desktop
Acer Desktop,Acer Desktop
CYBERPOWER Gamer Desktop,CYBERPOWER Desktop
Dell 2 Desktop,Dell 2 Desktop
Acer Monitor,Acer Monitor
LG Monitor,LG Monitor
ASUS Monitor,ASUS Monitor
ASUS 2 Monitor,ASUS Monitor
Dell Monitor,Dell Monitor
Samsung Monitor,Samsung Monitor
Sceptre Monitor,NN Monitor
ViewSonic Monitor,NN Monitor
AOC Monitor,NN Monitor
HP Monitor,HP Monitor
3-Button Mouse ,NN MiKey
Logitech Wireless Mouse,Logitech MiKey
Microsoft Basic Optical Mouse,Microsoft Mikey
Logitech 3-button Mouse,Logitech MiKey
Redragon Gaming Mouse ,Redragon Mikey
HP Wireless Mouse,HP Mikey
Generic Black 3-Button,NN MiKey
Wireless Portable Mouse,NN MiKey
Gaming Mouse Professional,Gaming Mikey
Slim Wireless Mouse,NN MiKey
HP USB Keyboard ,HP Mikey
Logitech Wireless Keyboard,Logitech MiKey
Rii LED Keyboard,NN MiKey
Logitech Keyboard,Logitech MiKey
Backlit LED Gaming Keyboard,Gaming Mikey
Dell Wired Keyboard,Dell MiKey
Apple Wired Keyboard,Apple Mikey
Apple Wireless Keyboard,Apple Mikey
Apple Magic Keyboard,Apple Mikey
Logitech MK550 Wireless Wave Keyboard and Mouse Combo,Logitech MiKey
Logitech Desktop MK120 Mouse and keyboard Combo,Logitech MiKey
Logitech MK270 Wireless Keyboard and Mouse Combo,Logitech MiKey
Dell KM117 Wireless Keyboard & Mouse,Dell MiKey
EagleTec Wireless Combo Keyboard and Mouse,NN MiKey
Microsoft Wireless Comfort Keyboard and Mouse,Microsoft Mikey
Microsoft Wireless Desktop Keyboard and Mouse,Microsoft Mikey
Rii LED Gaming Keyboard & Mouse Combo ,Rii Mikey
Logitech MK360 Wireless Keyboard and Mouse Combo,Logitech MiKey
Zombie Gaming Headset,Gaming Headset
Logitech ClearChat Headset,Logitech Headset
Panasonic On-Ear Stereo Headphones RP-HT21,Panasonic Headset
PC Gaming Headset,Gaming Headset
Kensington Headphones ,Kensington Headset
Logitech Stereo Headset ,Logitech Headset 
Koss Home Headphones,NN Headset
Microsoft Headset,Microsoft Headset
Ailihen Stereo Headphones,NN Headset
XIBERIA Gaming Headset,Gaming Headset
Apple Earpods,Apple Headphones
Monster Beats By Dr Dre,Beats Headphones
Otium Wireless Sports Bluetooth Headphones ,NN Headset
Panasonic In-Ear Headphone,Panasonic Headset
APIE Bluetooth Headphones,NN Headset
Philips Flexible Earhook Headphones,Philips Headphones
HDMI Cable 6ft,Display Cords
Ethernet Cable,Ethernet Cords
Etekcity Power Extension Cord Cable,Power Cords
Audio Cable,Audio Cords
VGA Monitor Cable ,Display Cords
iPhone Charger Cable,Apple Cords
HDMI Adapter,HDMI Cords
USB Cable,USB Cords
Samsung Charging Cable,Samsung Cords
Microsoft Office Home and Student 2016 ,Microsoft Accessories
Computer Game,Game Accessories
Belkin Mouse Pad,Mpad Accessories
Large Mouse Pad,Mpad Accessories
Cambridge Bluetooth Speaker,Cambridge Speaker
JBL Splashproof Portable Bluetooth Speaker,JBL Speaker
DOSS Touch Wireless Bluetooth,DOSS Speakers
Logitech Multimedia Speakers,Logitech Speakers
Rokono Mini Speaker,Rokono Mini Speaker
Cyber Acoustics,CA Speakers
Bose Companion Speakers,Bose Speakers
Mackie CR Speakers,Mackie Speakers
Sonos,Sonos Speakers
Epson Printer,Epson Printer
HP Wireless Printer,HP Printer
Canon Office Printer,Canon Printer
Brother Printer,Brother Printer
DYMO Label Manker,DYMO Printer 
Epson Black Ink,Epson Ink
HP Black & Tri-color Ink ,HP Ink 
Canon Ink ,Canon Ink 
Brother Printer Toner,Brother Ink
DYMO Labeling Tape ,DYMO Ink
Halter Acrylic Monitor Stand,NN Stand
Height-Adjustable Standing Desk,NN Stand
Multi Media Stand,NN Stand
Halter Mesh Metal Monitor Stand,NN Stand
Full Motion Monitor Mount,NN Stand
iPad,Apple Tablets
iPad Pro ,Apple Tablets
Fire HD Tablet,Amazon Tablets
Samsung Galaxy Tab,Samsung Tablets
Kindle ,Amazon Tablets
1TB Portable External Hard Drive,Portable HDD
2TB Portable External Hard Drive,Portable HDD
5TB Desktop Hard Drive,Desktop HDD
Slim 2TB Portable External Hard Drive,Portable HDD
3TB Portable External Hard Drive,Portable HDD
Apple TV,Apple Home
Google Home,Google Home
Smart Light Bulb,NN Home
Fire TV Stick,Amazon Home
Roku Express,NN Home
